tuning,dataset,proc,C,gamma,kernel,grid_score,f1_score,accuracy,precision,roc_auc
before,validation,,default,default,default,,0.9291117445348417,0.9373033187250227,0.9310946326051349,
after,testing,,1,0.01,linear,0.9260671536127726,0.9211025314104657,0.9307585381392744,0.9232838131686142,0.903340285755327
before,validation,Baseline,default,default,default,,0.9233085263951453,0.9330366623549626,0.9272015388222931,
after,testing,Baseline,1,0.1,linear,0.9222541848818461,0.9159335557618128,0.9273220456783211,0.9197515392508533,0.8766264103011688
before,validation,Stemmed,default,default,default,,0.9213688972757377,0.9314632121551442,0.9254629251710054,
after,testing,Stemmed,1,0.1,linear,0.9207579493522644,0.9123709614748229,0.9247832886074483,0.9171122819005018,0.8656086011547548
before,validation,Lemmatized,default,default,default,,0.92231255939538,0.9322354576519876,0.9263260906428938,
after,testing,Lemmatized,1,0.1,linear,0.9216074347496033,0.9139892438860551,0.9258837384404502,0.91794663966015,0.8730913456255713
