tuning,dataset,proc,C,gamma,kernel,grid_score,f1_score,accuracy,precision,roc_auc
before,validation,,default,default,default,,0.9265718299297149,0.9350831129215977,0.9287165366784306,
after,testing,,10,scale,rbf,0.9271965622901917,0.931802483942768,0.9385292584512617,0.932112549870662,0.9208461513948372
before,validation,Baseline,default,default,default,,0.9209553329591454,0.9310384771318803,0.924931630722984,
after,testing,Baseline,10,scale,rbf,0.9227657914161682,0.9269950778130703,0.9349962353032029,0.9285254162601942,0.9011485950069118
before,validation,Stemmed,default,default,default,,0.9192811418195896,0.9297353128559569,0.9236476429666889,
after,testing,Stemmed,10,scale,rbf,0.9217136104901632,0.926660304557534,0.9346969901731761,0.9283215158989861,0.8987194935966317
before,validation,Lemmatized,default,default,default,,0.9197976972850694,0.9300828233295365,0.9237818506259009,
after,testing,Lemmatized,10,scale,rbf,0.9223024447758993,0.9263261723515201,0.9344073981118598,0.9277157883930726,0.8999139265753556
