tuning,dataset,proc,C,gamma,kernel,grid_score,f1_score,accuracy,precision,roc_auc
before,validation,,default,default,default,,0.9277771521602989,0.9361642566171786,0.929751704283035,
after,testing,,10,scale,rbf,0.9273220300674438,0.9325031083499311,0.9388960750622622,0.9323379320012773,0.9178230424721612
before,validation,Baseline,default,default,default,,0.9220034422406298,0.9319748247968029,0.925896693495756,
after,testing,Baseline,10,scale,rbf,0.9232967098553976,0.9269849687260607,0.9348997046160975,0.927902572033826,0.898046730246698
before,validation,Stemmed,default,default,default,,0.9200344784667552,0.930430333803116,0.924192768058282,
after,testing,Stemmed,10,scale,rbf,0.9228719671567281,0.9253870947548912,0.9335096627217793,0.926249782065566,0.8952372395687238
before,validation,Lemmatized,default,default,default,,0.9207984119011674,0.9310674363380118,0.9249035618112175,
after,testing,Lemmatized,10,scale,rbf,0.9225534200668335,0.9262149347863786,0.9341660713940961,0.9270174407598927,0.8953747000804041
